keys,en,ru,zhcn
TR_LANG_DISPLAY_NAME,English,Русский (Бета),简体中文
TR_LANG_SYSTEM,System,Системный,系统
TR_ABERRATION,Aberration,Аберрация,像差
TR_ABOUT,About,О программе,关于
TR_ABOUT_FULL,PNGTubing is designed to be as lightweight and easy to use as possible. I prefer the models to be called puppets or paper dolls.,PNGTubing сделан максимально лёгким и простым в использовании. Модели лучше называть кукольными или «бумажными».,PNGTubing 的设计理念是尽可能轻量且易于使用。我个人更喜欢把模型称为 puppets 或 paper dolls（纸片人）。
TR_ACHROMATOPSIA,Achromatopsia,Ахроматопсия,全色盲
TR_ADD,Add,Добавить,添加
TR_ADD_APPENDAGE,Add Appendage Image,Добавить изображение придатка,添加附加部位图像
TR_ADD_FOLDER,Add Folder,Добавить папку,添加文件夹
TR_ADD_IMAGE,Add Image,Добавить изображение,添加图像
TR_ADD_KEY,Add Key,Добавить клавишу,添加按键
TR_ADD_LAYER,Add Layer,Добавить слой,添加图层
TR_ADD_MESH,Add Mesh,Добавить сетку,添加网格
TR_ADD_NEW_STATE,Add new State,Добавить новое состояние,添加新状态
TR_ADD_OBJECT_WITH_OFFSET,Add Object with offset?\n(for Trimmed Images),Добавить объект со смещением?\n(для обрезанных изображений),添加带偏移的对象？\n（用于已裁剪的图像）
TR_ADD_SPRITES,Add Sprites,Добавить спрайты,添加精灵
TR_ADD_SPRITE_AS_APPENDAGE,Add Sprite as Appendage,Добавить спрайт как придаток,将精灵添加为附加部位
TR_ADD_WINDOW,Add Window,Добавить окно,添加窗口
TR_ADVANCED_LIP_SYNC,Advanced Lip Sync,Расширенная синхронизация губ,高级唇形同步
TR_ADVANCED_LIP_SYNC_TOOLTIP,Works only if the mouth shapes are in a sprite sheet. 14 frames.\n(Check the lip-sync settings),Работает только если формы рта находятся в спрайт-листе. 14 кадров.\n(См. настройки синхронизации губ),仅在口型位于精灵表中时有效。14 帧。\n（请查看唇形同步设置）
TR_ALPHA_TRESHOLD,Alpha Threshold,Порог альфа-канала,Alpha 阈值
TR_ALWAYS_ON_TOP,Always on Top,Поверх всех окон,窗口置顶
TR_AMOUNT,Amount,Количество,数量
TR_ANCHOR_LABEL,Anchor,Якорь,锚点
TR_ANGLE,Angle,Угол,角度
TR_ANIMATE_TO_MOUSE,Animate to Follow,Анимация за курсором,跟随鼠标动画
TR_ANIMATE_TO_MOUSE_TOOLTIP,Animates the sprite sheet based on mouse position (horizontal and vertical),Анимирует спрайт-лист по положению мыши (по горизонтали и вертикали),根据鼠标位置（水平和垂直）对精灵表进行动画处理
TR_ANIMATION,Animation,Анимация,动画
TR_ANIMATION_BOUNCY,Bouncy,Прыгучий,弹跳
TR_ANIMATION_FRAMES_H,Horizontal Animation Frames,Горизонтальные кадры анимации,水平动画帧
TR_ANIMATION_FRAMES_V,Vertical Animation Frames,Вертикальные кадры анимации,垂直动画帧
TR_ANIMATION_ONE_BOUNCE,One Bounce,Один отскок,单次弹跳
TR_ANIMATION_ONE_SHOT,One Shot,Один раз,单次播放
TR_ANIMATION_ONE_SHOT_TOOLTIP,"Sets any animation type (APNG, GIF or SpriteSheet) to only play once.","Любая анимация (APNG, GIF или атлас) проигрывается только один раз.","将任意动画类型（APNG、GIF 或精灵表）设置为仅播放一次。"
TR_ANIMATION_RESET,Animation Reset,Сброс анимации,动画重置
TR_ANIMATION_SPEED,Animation Speed,Скорость анимации,动画速度
TR_ANIMATION_SQUISH,Squish,Сжатие,挤压
TR_ANIMATION_WOBBLE,Wobble,Покачивание,摇晃
TR_ANTI_ALIASING,Anti-Aliasing,Сглаживание,抗锯齿
TR_APPLY,Apply,Применить,应用
TR_ARROW_KEYS,Arrow Keys,Клавиши со стрелками,方向键
TR_ARROW_KEYS_LR,Arrow Keys (L/R),Стрелки (Л/П),方向键（左/右）
TR_ARROW_KEYS_UD,Arrow Keys (U/D),Стрелки (В/Н),方向键（上/下）
TR_ASSETS,Assets,Ресурсы,资源
TR_ASSET_MODEL_DEMO,Asset Demo,Ресурсы,资源演示
TR_AURA,Aura,Аура,光环
TR_AUTO_LOAD_MODEL,Auto-Load Model,Автозагрузка модели,自动加载模型
TR_AUTO_ROTATION,Auto Rotation,Автоповорот,自动旋转
TR_AUTO_SAVE,Auto-Save,Автосохранение,自动保存
TR_AUTO_START,Auto-Start,Автозапуск,自动启动
TR_AUTO_WAG,Auto Wag,Автопокачивание,自动摆动
TR_AWAITING_INPUT,Awaiting Input…,Ожидание ввода…,等待输入…
TR_BACKEND,Backend,Бэкенд,后端
TR_BASIC_CONCEPTS_FULL,"Some sliders use Amp and Freq. Here is a basic explanation: Amplitude controls how far the object moves, and Frequency controls how fast it moves from + to - over time.","Некоторые ползунки используют амплитуду и частоту. Амплитуда задаёт силу отклонения, а частота — скорость движения от + к - со временем.","部分滑块使用振幅（Amp）和频率（Freq）。基本解释：振幅控制物体移动的幅度，频率控制物体随时间从正向负移动的速度。"
TR_BASIC_CONTROLS_FULL,"Sprite Controls:\n- Move Sprite: Click and drag.\n- Move Origin: Use the arrow keys, or hold Ctrl and click where you want the origin.\n- Use the mouse wheel on sliders for finer control.\n\nInput Remap:\n- Click the state button you want to remap,\n then press the new key.\n- Change States with Input captures input even when minimized, if enabled.\n\nBounce Controls:\n- Click the top bar of the bounce panel to adjust bounce and gravity.\n\nMouse Controls:\n- Mouse wheel: Zoom in or out.\n- Middle mouse button: Pan the camera.","Управление спрайтом:\n- Перемещение спрайта: нажмите и перетащите.\n- Перемещение точки отсчёта: используйте стрелки или удерживайте Ctrl и щёлкните по нужному месту.\n- Используйте колёсико мыши на ползунках для более точной настройки.\n\nПереназначение клавиш:\n- Нажмите кнопку состояния, которое хотите переназначить,\n затем нажмите новую клавишу.\n- Параметр «Смена состояния по вводу» перехватывает ввод даже в свёрнутом режиме, если включён.\n\nУправление отскоком:\n- Нажмите верхнюю полосу блока отскока, чтобы настроить силу отскока и гравитацию.\n\nУправление мышью:\n- Колёсико мыши: приближение и отдаление.\n- Средняя кнопка мыши: перемещение камеры.","精灵控制：\n- 移动精灵：点击并拖动。\n- 移动原点：使用方向键，或按住 Ctrl 并点击目标位置。\n- 在滑块上使用鼠标滚轮进行更精细的调整。\n\n输入重映射：\n- 点击要重映射的状态按钮，\n 然后按下新按键。\n- 启用「通过输入切换状态」后，即使窗口最小化也能捕获输入。\n\n弹跳控制：\n- 点击弹跳面板的顶栏来调整弹跳和重力。\n\n鼠标控制：\n- 鼠标滚轮：放大或缩小。\n- 鼠标中键：平移摄像机。"
TR_BASIC_DEMO,Basic Demo,Базовая модель,基础演示
TR_BG_COLOR,BG Color,Цвет фона,背景颜色
TR_BG_TEMP_BUTTON,Model with Background Demo,Модель с фоном,带背景的模型演示
TR_BIND_KEY,Bind Key,Назначить клавишу,绑定按键
TR_BLEND,Blend,Режим смешения,混合模式
TR_BLEND_ADD,Add,Сложение,相加
TR_BLEND_BURN,Burn,Прожиг,加深
TR_BLEND_CURSED,Cursed,Проклятый,诅咒
TR_BLEND_HARDMIX,HardMix,Жёсткое смешение,硬混合
TR_BLEND_LABEL,Blend,Смешивание,混合
TR_BLEND_MULTIPLY,Multiply,Умножение,正片叠底
TR_BLEND_NORMAL,Normal,Обычный,正常
TR_BLEND_SUBTRACT,Subtract,Вычитание,减去
TR_BLINK_CHANCE,Blink Chance,Шанс моргания,眨眼概率
TR_BLINK_SPEED,Blink Speed,Скорость моргания,眨眼速度
TR_BLUE,Blue,Синий,蓝色
TR_BOTTOM_BAR,Bottom Bar,Нижняя панель,底部栏
TR_BOUNCE,Bounce,Прыжок,弹跳
TR_BOUNCE_AMOUNT,Bounce Amount,Сила прыжка,弹跳幅度
TR_BOUNCE_AMOUNT_TOOLTIP,Affects Model Bouncing,Влияет на силу отскока модели,影响模型弹跳
TR_BOUNCE_GRAVITY,Bounce Gravity,Гравитация прыжка,弹跳重力
TR_BOUNCE_GRAVITY_LABEL,Bounce Gravity,Гравитация прыжка,弹跳重力
TR_BOUNCE_WHEN_CHANGING_STATES,Bounce when changing states,Прыжок при смене состояния,切换状态时弹跳
TR_BOUNCY,Bouncy,Прыгучий,弹跳
TR_CANCEL,Cancel,Отмена,取消
TR_CENTER_WINDOW,Center Window,Центрировать окно,居中窗口
TR_CHAIN_ROT_MAX,Chain Rot Max,Макс. вращение цепи,链条最大旋转
TR_CHAIN_ROT_MIN,Chain Rot Min,Мин. вращение цепи,链条最小旋转
TR_CHAIN_TARGET,Chain Target,Цель цепи,链条目标
TR_CHOOSE_DEMO,Choose Demo,Выбрать демо,选择演示
TR_CLIP_CHILDREN,Clip Children,Обрезать дочерние,裁剪子对象
TR_CLOSED,Closed,Закрытый,关闭
TR_CLOSED_LOOP,Closed Loop,Замкнутый цикл,闭环
TR_COLLAB,Collaboration,Совместная работа,协作
TR_COLOR,Color,Цвет,颜色
TR_COLOR_BLINDNESS_HELPER,Color Blindness Aid,Помощь при дальтонизме,色盲辅助
TR_COLOR_BLINDNESS_HELPER_TOOLTIP,An accessibility feature that helps users and viewers with color blindness view the model,Функция доступности для пользователей и зрителей с дальтонизмом,一项辅助功能，帮助有色盲的用户和观众查看模型
TR_COMEBACK_LABEL,Comeback,Возврат,回弹
TR_COMMENTS_BUTTON_TOOLTIP,Comment Block,Блок комментария,注释块
TR_COMMENTS_GO_HERE,Comments go here,Комментарии здесь,在此输入注释
TR_CONTROLLER_LEFT,Controller (Left),Контроллер (левый),控制器（左）
TR_CONTROLLER_RIGHT,Controller (Right),Контроллер (правый),控制器（右）
TR_CREATE_NEW_MODEL,Create new model,Создать новую модель,创建新模型
TR_CREDITS,Credits,Авторы,制作人员
TR_CROP_IMAGES_TO_CONTENT,Crop Images to Content,Обрезка изображений по содержимому,按内容裁剪图像
TR_CURVATURE_LABEL,Curvature,Кривизна,曲率
TR_CUSTOM,Custom,Пользовательский,自定义
TR_CYCLE,Cycle,Цикл,循环
TR_CYCLE_BACKWARD_LABEL,Cycle Backward,Цикл назад,向后循环
TR_CYCLE_FORWARD_LABEL,Cycle Forward,Цикл вперёд,向前循环
TR_CYCLE_TOGGLE_LABEL,Cycle Toggle,Переключение цикла,循环切换
TR_DAMPING_X,Damping X,Затухание X,阻尼 X
TR_DAMPING_Y,Damping Y,Затухание Y,阻尼 Y
TR_DAMP_LABEL,Damp,Затухание,阻尼
TR_DARK,Dark,Тёмный,暗色
TR_DARKEN,Darken,Затемнение,变暗
TR_DEBUG,Debug,Отладка,调试
TR_DEFLATE_BRUSH,Deflate Brush,Сжимающая кисть,收缩画笔
TR_DEFORM,Deform,Деформация,变形
TR_DEFORMATION_LAYER,Deformation Layer,Слой деформации,变形层
TR_DEFORM_BRUSH,Deform Brush,Кисть деформации,变形画笔
TR_DELAY,Delay,Задержка,延迟
TR_DELETE,Delete,Удалить,删除
TR_DELETE_KEY,Delete Key,Удалить клавишу,删除按键
TR_DELETE_LAYER,Delete Layer,Удалить слой,删除图层
TR_DELETE_STATE,Delete State,Удалить состояние,删除状态
TR_DEMO_MODEL,Demo Model's,Демо-модели,演示模型
TR_DESELECT,Deselect,Снять выделение,取消选择
TR_DETECT_HOTKEYS,Detect Hotkeys,Отслеживать горячие клавиши,检测热键
TR_DETECT_HOTKEYS_TOOLTIP,Making the software able to change States and other toggles using Hotkeys.,Позволяет менять состояния и переключатели с помощью горячих клавиш.,允许软件通过热键切换状态和其他开关。
TR_DEUTERANOPIA,Deuteranopia,Дейтеранопия,绿色盲
TR_DISABLED,Disabled,Отключено,已禁用
TR_DISABLE_FOLLOW,Disable Follow Movement,Отключить следование,禁用跟随移动
TR_DISABLE_MOVE,Disable Movement,Отключить движение,禁用移动
TR_DISAPPEAR_KEYS,Hide Key(s),Клавиши скрытия,隐藏按键
TR_DONT_HIDE,Don't Hide,Не скрывать,不隐藏
TR_DONT_HIDE_ON_TOGGLE_TOOLTIP,Shows the Asset only and doesn't hide it even when key is pressed again.,Показывает ресурс и не скрывает его при повторном нажатии клавиши.,仅显示该资源，再次按下按键也不会隐藏。
TR_DUPLICATE_STATE,Duplicate State,Дублировать состояние,复制状态
TR_EDIT,Edit,Правка,编辑
TR_EDITOR,Editor,Редактор,编辑器
TR_EDIT_VALUES_FOR_LABEL,Editing Values,Редактирование значений,编辑数值
TR_EFFECTS,Effects,Эффекты,特效
TR_EFFECT_COLOR,Effect Color,Цвет эффекта,特效颜色
TR_EFFECT_HYPER,Hyper,Гипер,超级
TR_EFFECT_RAINBOW_SPEED,Rainbow Speed,Скорость радуги,彩虹速度
TR_EFFECT_SELF_RAINBOW,Self Rainbow,Радуга на объекте,自身彩虹
TR_EFFECT_SIZE,Effect Size,Размер эффекта,特效大小
TR_EFFECT_SIZE_LABEL,Effect size,Размер эффекта,特效大小
TR_EPLISION,Epsilon,Эпсилон,容差值
TR_EXPORT_MODEL_PARTS,Export Model Parts,Экспорт частей модели,导出模型部件
TR_EYE_ANIMATIONS,Eye Animations,Анимация глаз,眼睛动画
TR_EYE_STYLE,Eye Style,Стиль глаз,眼睛样式
TR_FADE,Fade,Исчезновение,淡出
TR_FADES,Fades,Исчезает,淡出
TR_FADE_ASSET,Fade Asset,Исчезающий ресурс,淡出资源
TR_FADE_ASSET_PARAM,Fade Asset,Исчезающий ресурс,淡出资源
TR_FADE_PARAM,Fade,Исчезновение,淡出
TR_FANCY_COURSOR_EDITOR,Fancy Cursor in Editor,Особый курсор в редакторе,编辑器中使用花式光标
TR_FANCY_COURSOR_PREVIEW,Fancy Cursor in Preview,Особый курсор в предпросмотре,预览中使用花式光标
TR_FAQ_FULL,"Who made this software?\n- TheMime (me) is the current main dev, buuut community help is still open and appreciated!\n\nIs this really PNGTubing or Vtubing or ???\n- This form of PNGTubing is the closest thing to Vtubing. Consider it a middle point I guess, lol. Still not as complex as real Vtuber models, so I personally think it is PNGTubing still!\n\nWhy is some of the code a bit of a mess?\n- When I first made this software, I barely knew much about coding, I won't lie when I tell you some code is embarrassing and I hope to improve it myself or with community help. You can find the source code's link in the credits!\n\nYou mentioned ToonTubing in the ""What is PNGTubing?"" tab. Will this ever get supported?\n- Maybe","Кто сделал это приложение?\n- TheMime (я) — текущий основной разработчик, но помощь сообщества всё ещё приветствуется!\n\nЭто PNGTubing, Vtubing или что?\n- Эта форма PNGTubing максимально близка к Vtubing. Считай это чем‑то посередине, лол. Всё ещё не настолько сложно, как настоящие Vtuber‑модели, так что я всё равно считаю это PNGTubing.\n\nПочему код местами выглядит странно?\n- Когда я начинал делать это приложение, я почти не умел программировать. Не буду врать, часть кода стыдная, и я хочу улучшить его сам или с помощью сообщества. Ссылка на исходники есть в титрах.\n\nТы упоминал ToonTubing во вкладке «What is PNGTubing?». Он будет поддерживаться?\n- Может быть.","谁做了这个软件？\n- TheMime（我）是当前主要开发者，但也欢迎并感谢社区帮助！\n\n这到底是 PNGTubing 还是 Vtubing？\n- 这种形式的 PNGTubing 最接近 Vtubing。可以把它看作是两者之间的过渡吧，哈哈。虽然还没有真正的 Vtuber 模型那么复杂，但我个人认为它还是 PNGTubing！\n\n为什么有些代码看起来比较乱？\n- 当我最初制作这个软件时，我对编程了解不多。说实话，有些代码确实令人尴尬，我希望自己能改进，或者得到社区的帮助。你可以在制作人员页面找到源代码链接！\n\n你在「什么是 PNGTubing？」标签页中提到了 ToonTubing。将来会支持吗？\n- 也许会。"
TR_FAT_POINT,Point,Точка,点
TR_FILES,Files,Файлы,文件
TR_FILE_DIALOG_TITLE,Open Files,Открыть файлы,打开文件
TR_FILE_MANAGER,File Manager,Файловый менеджер,文件管理器
TR_FILE_SYSTEM,File System,Файловая система,文件系统
TR_FLIP_H,Flip Horizontally,Отразить по горизонтали,水平翻转
TR_FLIP_SPRITE_HORIZONTALLY,Flip Sprite Image Horizontally,Перевернуть изображение спрайта по горизонтали,水平翻转精灵图像
TR_FLIP_SPRITE_VERTICALLY,Flip Sprite Image Vertically,Перевернуть изображение спрайта по вертикали,垂直翻转精灵图像
TR_FLIP_V,Flip Vertically,Отразить по вертикали,垂直翻转
TR_FLOAT,Float,Плавание,浮动
TR_FLOATY_PANNING,Smooth Panning,Плавное панорамирование,平滑平移
TR_FLOATY_PANNING_TOOLTIP,When turned on panning in the editor will be smooth instead of snappy,"При включении панорамирование в редакторе будет плавным, а не резким","开启后，编辑器中的平移将变得平滑而非突兀"
TR_FM_DELAY,Delay,Задержка,延迟
TR_FM_MAX_ROT,Max-Rot,Макс поворот,最大旋转
TR_FM_MAX_SQUISH_X,Squish X,Сжатие X,X 挤压
TR_FM_MAX_SQUISH_Y,Squish Y,Сжатие Y,Y 挤压
TR_FM_MIN_ROT,Min-Rot,Мин поворот,最小旋转
TR_FM_RANGE_X,Range X,Диапазон X,X 范围
TR_FM_RANGE_Y,Range Y,Диапазон Y,Y 范围
TR_FOLLOW,Follow,Слежение,跟随
TR_FOLLOW_APPENDAGE,Follow Appendage,Слежение за придатком,跟随附加部位
TR_FOLLOW_APPENDAGE_TIP,Follow Appendage Tip,Следовать за концом придатка,跟随附加部位末端
TR_FOLLOW_EYE,Follow Eye,Следование за глазом,跟随眼睛
TR_FOLLOW_GAZE,Follow Gaze,Следование за взглядом,跟随视线
TR_FOLLOW_JOYPAD_DEMO,Joypad Demo,Геймпад,手柄演示
TR_FOLLOW_MOUSE,Follow Movement,Следовать за движением,跟随移动
TR_FOLLOW_MOUSE_DEMO,Follow Mouse Demo,Слежение за мышью,跟随鼠标演示
TR_FOLLOW_MOUSE_SCREEN_LABEL,Mouse Follow Screen,Экран слежения за мышью,鼠标跟随屏幕
TR_FOLLOW_MOVEMENT,Follow Movement,Слежение за движением,跟随移动
TR_FOLLOW_POSITION_LABEL,Follow Option (Position),Позиция,跟随选项（位置）
TR_FOLLOW_ROTATION_LABEL,Follow Option (Rotation),Поворот,跟随选项（旋转）
TR_FOLLOW_SCALE_LABEL,Follow Option (Scale),Масштаб,跟随选项（缩放）
TR_FOLLOW_SCALE_NOT,Small note:\nscale changes based on mouse position still need work and may change in future releases.,Примечание:\nмасштабирование по положению мыши ещё дорабатывается и может измениться в будущих версиях.,小提示：\n基于鼠标位置的缩放变化仍在开发中，可能会在未来版本中调整。
TR_FOLLOW_SPEED,Follow Speed,Скорость слежения,跟随速度
TR_FOLLOW_THROUGH,Follow Through,Последействие,惯性跟随
TR_FOLLOW_WOBBLE,Wobble Movement,Покачивание,摇摆移动
TR_FOR_TESTING_LABEL,For testing only,Только для тестирования,仅供测试
TR_FRAME_LABEL,Frame,Кадр,帧
TR_FRUTIGER_AERO,Frutiger Aero,Фрутигер аэро,Frutiger Aero 风格
TR_FT_DRAG,Drag,Сопротивление,阻力
TR_FT_STRETCH,Stretch,Растяжение,拉伸
TR_FULL_CREDITS,PNGTuber Remix by TheMime\nImproved UI by LeoRson\nWebSocket code by vj4,PNGTuber Remix — TheMime\nУлучшенный интерфейс — LeoRson\nКод WebSocket — vj4,PNGTuber Remix 作者：TheMime\nUI 改进：LeoRson\nWebSocket 代码：vj4
TR_FUNKY,Funky,Фанк,时髦
TR_GENERATION,Generation,Генерация,生成
TR_GEN_CORNERS,Generate Corners,Создать углы,生成角点
TR_GEN_FLIPPED,Generate Mirrored,Сгенерировать зеркальную,生成镜像
TR_GEN_MESH,Generate Mesh,Создать сетку,生成网格
TR_GEN_PRESERVED,Regenerate Preserved Mesh,Пересоздать сохранённую сетку,重新生成保留的网格
TR_GRAVITY_X_LABEL,Gravity X,Гравитация по X,重力 X
TR_GRAVITY_Y_LABEL,Gravity Y,Гравитация по Y,重力 Y
TR_GRAY,Gray,Серый,灰色
TR_GREEN,Green,Зелёный,绿色
TR_GRID_SIZE,Grid Size,Размер сетки,网格大小
TR_GROUPS,Groups,Группы,分组
TR_HATCHES,Hatches,Штрихи,阴影线
TR_HEX_RADIAL,Hex Radial,Шестигранный радиальный,六边形径向
TR_HIDDEN_ITEM,Hidden Item,Скрытый элемент,隐藏项
TR_HOLD_TO_SHOW,Hold to Show,Показывать при удержании,按住显示
TR_HOLD_TO_SHOW_TOOLTIP,Hovering over some buttons shows a tooltip explaining what they do,При наведении на некоторые кнопки появляется подсказка с пояснением,悬停在某些按钮上会显示说明其功能的提示
TR_HOT_KEY_LABEL,Hot Key,Горячая клавиша,热键
TR_IDLE,Idle,Покой,待机
TR_IGNORE_BOUNCE,Ignore Bounce,Игнорировать прыжок,忽略弹跳
TR_IMAGE,Image,Изображение,图像
TR_IMAGES,Images,Изображения,图像
TR_IMAGE_LIMIN_WARNING,One of your images exceeds the recommended limit (1280x1280),Одно из изображений превышает рекомендуемый размер (1280x1280),您的一张图像超出了推荐限制（1280x1280）
TR_IMAGE_USED_BY_NO_SPRITES,This image is currently used by 0 sprites. Deleting it will add a placeholder.\n(It can be replaced later),Сейчас это изображение не используется ни одним спрайтом. При удалении будет добавлен заполнитель.\n(Его можно заменить позже),此图像当前未被任何精灵使用。删除后将添加一个占位符。\n（稍后可替换）
TR_IMPORT,Import,Импортировать,导入
TR_INDEX_X,Index X,Индекс X,索引 X
TR_INDEX_Y,Index Y,Индекс Y,索引 Y
TR_INFLATE_BRUSH,Inflate Brush,Раздвигающая кисть,膨胀画笔
TR_INFLUENCE,Influence,Влияние,影响
TR_INNER_POINTS,Inner Points,Внутренние точки,内部点
TR_INSPECTOR,Inspector,Инспектор,检查器
TR_INVERT_POS_X,Invert Pos X,Инвертировать позицию X,反转位置 X
TR_INVERT_POS_Y,Invert Pos Y,Инвертировать позицию Y,反转位置 Y
TR_IS_ASSET,Is Asset,Это ресурс,是资源
TR_IS_ASSET_TOOLTIP,"An Asset is a Sprite you can toggle at any time. I.e glasses, hats, etc..","Ресурс — это спрайт, который можно включать и отключать в любой момент (например, очки, шляпы и т.п.).","资源是可以随时切换显示/隐藏的精灵，例如眼镜、帽子等。"
TR_IS_CYCLE_ASSET,Is Cycle Asset,Циклический ресурс,是循环资源
TR_JITTER_FIX,Jitter Fix,Исправление джиттера,抖动修复
TR_KEEP_DATA_BEFORE_TRIM,Keep Data Before Trim,Сохранить данные перед обрезкой,裁剪前保留数据
TR_KEEP_DATA_BEFORE_TRIM_TOOLTIP,"Keeps a save of the Sprites before trimming. If toggled off, the file will only save the trimmed Sprites","Сохраняет спрайты перед обрезкой. Если отключено, файл сохранит только обрезанные спрайты","在裁剪前保留精灵的备份。如果关闭，文件将仅保存裁剪后的精灵"
TR_KEEP_LENGTH,Keep Length,Сохранять длину,保持长度
TR_LANGUAGE_LABEL,Language,Язык,语言
TR_LAYER,Layer,Слой,图层
TR_LAYOUT,Layout,Разметка,布局
TR_LEFT_EYE,Left eye,Левый глаз,左眼
TR_LENGTH_LABEL,Length,Длина,长度
TR_LIGHT_COLOR,Light Color,Цвет света,灯光颜色
TR_LIGHT_ENERGY,Light Energy,Интенсивность света,灯光强度
TR_LIGHT_SETTINGS,Light Settings,Настройки освещения,灯光设置
TR_LIGHT_SHAPE_VISIBLE,Show Light Shape,Показать форму света,显示灯光形状
TR_LIGHT_SIZE,Light Size,Размер источника света,灯光大小
TR_LIGHT_VISIBLE,Show Light,Показать свет,显示灯光
TR_LIP_SYNC_CONFIG,Lip Sync Settings,Настройки синхронизации губ,唇形同步设置
TR_LOAD,Load,Загрузить,加载
TR_LOAD_LIPSYNC_FILE,Load Lip Sync File,Загрузить файл синхронизации губ,加载唇形同步文件
TR_LOCK_SIZE,Lock Size,Зафиксировать размер,锁定大小
TR_LS_DARKEN_TOOLTIP,Darkens the model when not speaking,"Затемняет модель, когда не говорит","不讲话时使模型变暗"
TR_MAGENTA,Magenta,Пурпурный,品红
TR_MAIN_VIEW_ZOOM_RESET,Main-View Zoom Reset,Сброс масштаба основного вида,主视图缩放重置
TR_MASS_X,Mass X,Масса X,质量 X
TR_MASS_Y,Mass Y,Масса Y,质量 Y
TR_MAX_ANGLE_LABEL,Max Angle,Максимальный угол,最大角度
TR_MAX_CURVE_LABEL,Max Curve,Максимальная кривизна,最大曲率
TR_MAX_FPS,Max FPS,Максимальный FPS,最大帧率
TR_MAX_MOUSE_ROTATION,Maximum Mouse Rotation,Максимальное вращение мышью,最大鼠标旋转
TR_MAX_ROTATION_LABEL,Max Rotation,Максимальное вращение,最大旋转
TR_MAX_STRETCH,Max Stretch,Максимальное растяжение,最大拉伸
TR_MERGE_POINTS_SPACE,Point Merge Distance,Расстояние слияния точек,点合并距离
TR_MESH_CONTROL,Mesh Control,Управление сеткой,网格控制
TR_MESH_TEXTURE,Mesh Texture,Текстура сетки,网格纹理
TR_MICROPHONE_LABEL,Microphone,Микрофон,麦克风
TR_MINI_TUTORIAL,Mini Tutorial (WIP),Мини-руководство (в разработке),迷你教程（开发中）
TR_MINI_VIEW,Mini-View,Мини‑вид,迷你视图
TR_MINI_VIEW_TOOLTIP,Mini-View,Мини‑вид,迷你视图
TR_MINI_VIEW_ZOOM_IN,Mini-View Zoom In,Приближение мини-вида,迷你视图放大
TR_MINI_VIEW_ZOOM_OUT,Mini-View Zoom Out,Отдаление мини-вида,迷你视图缩小
TR_MINUTE_ABBREVIATION,min,мин,分钟
TR_MIN_CURVE_LABEL,Min Curve,Мин. кривизна,最小曲率
TR_MIN_MOUSE_ROTATION,Minimum Mouse Rotation,Минимальное вращение мыши,最小鼠标旋转
TR_MIN_ROTATION_LABEL,Min Rotation,Мин. вращение,最小旋转
TR_MIRROR_REACTION_H,Mirror Reaction H,Отзеркалить реакцию по горизонтали,镜像反应 H
TR_MISC,Misc,Разное,杂项
TR_MODE,Mode,Режим,模式
TR_MODEL,Model,Модель,模型
TR_MODEL_ANIMATIONS,Model Animations,Анимации модели,模型动画
TR_MODEL_EFFECT,Model Effect,Эффекты модели,模型特效
TR_MODEL_NOTE,"Due to this being a destructive action, this will save a new Model with «Optimized» next to the original file.\nGIF optimization isn't supported.","Поскольку это деструктивное действие, рядом с исходным файлом будет сохранена новая модель с пометкой «Оптимизировано».\nОптимизация GIF-файлов не поддерживается.","由于这是破坏性操作，将在原始文件旁边保存一个带「已优化」标记的新模型。\n不支持 GIF 优化。"
TR_MODEL_OPTIMIZER_RESIZE_MODEL,Resize Model,Изменить размер модели,调整模型大小
TR_MODEL_OPTIMIZER_RESIZE_PERCENTAGE,Resize Percentage,Процент изменения,缩放百分比
TR_MODEL_OPTIMIZER_TITLE,Model Optimizer (UNSTABLE),Оптимизатор модели (НЕСТАБИЛЬНО),模型优化器（不稳定）
TR_MODEL_OPTIMIZER_TRIM_IMAGES,Trim Images,Обрезать изображения,裁剪图像
TR_MOMENTUM_LABEL,Momentum,Инерция,动量
TR_MOTION_TYPE,Motion Type,Тип движения,运动类型
TR_MOUSE,Mouse,Мышь,鼠标
TR_MOUSE_VELOCITY,Mouse Velocity,Скорость мыши,鼠标速度
TR_MOUTH,Mouth,Рот,嘴巴
TR_MOUTH_CLOSED,Mouth Closed,Рот закрыт,闭嘴
TR_MOUTH_OPEN,Mouth Open,Рот открыт,张嘴
TR_MOUTH_OPEN_LABEL,Mouth Open,Рот открыт,张嘴
TR_MOUTH_TRACKING_STRENGTH,Mouth Tracking Strength,Сила отслеживания рта,嘴巴追踪强度
TR_MOVEMENT,Movement,Движение,移动
TR_MOVE_WITH_MOUSE,Move with Follow,Движение при следовании,跟随移动
TR_MOVE_WITH_MOUSE_TOOLTIP,"Animate to Follow Movement must be enabled for this feature to work. When disabled, the sprite stops moving on the X and Y axes, but Animate to Mouse still works.","Для работы этой функции нужно включить «Анимацию следования». При отключении спрайт перестаёт двигаться по осям X и Y, но анимация по мыши продолжает работать.","必须启用「跟随鼠标动画」此功能才能生效。禁用后，精灵将在 X 和 Y 轴上停止移动，但鼠标动画仍然有效。"
TR_MULTISTATE_EDITING_CUE_LABEL,*Multi-State Editing On,*Множественное редактирование включено,*多状态编辑已开启
TR_NAME,Name,Имя,名称
TR_NEW,New,Новый,新建
TR_NEW_FILE,New File,Новый файл,新建文件
TR_NEW_PNGTUBER_TEXT,Do you want to make a new PNGTuber model?,Создать новую PNGTuber‑модель?,要创建新的 PNGTuber 模型吗？
TR_NO,No,Нет,否
TR_NOISE,Noise,Шум,噪点
TR_NOISE_SCALE,Noise Scale,Масштаб шума,噪点缩放
TR_NOISE_SPEED,Noise Speed,Скорость шума,噪点速度
TR_NONE,None,Нет,无
TR_NONE_ANIMATED_SHEET,Non-Animated Sheet,Статичный спрайт-лист,非动画精灵表
TR_NONE_ANIMATED_SHEET_TOOLTIP,Turns a sprite sheet into static frames you can choose from,Преобразует спрайт-лист в набор статичных кадров,将精灵表转换为可选择的静态帧
TR_NORMAL_MAP,Normal Map,Карта нормалей,法线贴图
TR_NORMAL_MAP_DEMO,Normal Map Demo,Карты нормалей,法线贴图演示
TR_OFFSETS_IMPORTED_SPRITES_WHEN_TRIM,Offsets imported Sprites when trimming is enabled,Смещения импортированных спрайтов при включенной обрезке,启用裁剪时偏移导入的精灵
TR_OFFSET_IMPORTED_SPRITE,Offset Imported Sprite,Смещение импортированного спрайта,偏移导入的精灵
TR_OFFSET_X,Offset X,Смещение X,偏移 X
TR_OFFSET_Y,Offset Y,Смещение Y,偏移 Y
TR_OPEN,Open,Открыть,打开
TR_OPEN_FILE,Open a File,Открыть файл,打开文件
TR_OPEN_FILES,Open Files,Открыть файлы,打开文件
TR_OPEN_MODEL,Open Model,Открыть модель,打开模型
TR_OPEN_SEE_FACE,OpenSeeFace,OpenSeeFace,OpenSeeFace
TR_OPEN_SETTINGS,Open Settings,Открыть настройки,打开设置
TR_OPTIMIZE,Optimize,Оптимизировать,优化
TR_OPTIMIZE_TRIM,Trim Model,Обрезать модель,裁剪模型
TR_ORANGE,Orange,Оранжевый,橙色
TR_OTHERS,Others,Другое,其他
TR_OUTER_PADDING,Outer Padding,Внешний отступ,外部内边距
TR_OUTLINE,Outline,Обводка,轮廓
TR_PARENT_ID_LABEL,Parent ID,ID родителя,父级 ID
TR_PAUSE_MOVEMENT,Pause Movement,Остановить движение,暂停移动
TR_PAUSE_MOVEMENT_TOOLTIP,Turns your model Static.\nUncheck to preview your model's movement.\nThis automatically gets unchecked when changing modes.,"Делает модель статичной.\nСними галочку, чтобы увидеть движение модели.\nФлаг автоматически сбрасывается при смене режима.","使模型变为静态。\n取消勾选可预览模型的动作。\n切换模式时此选项会自动取消勾选。"
TR_PAUSE_MOVEMENT_TOOLTIP_MOVEMENT_SECTION,Pauses movement if the value of that parameter is zero,"Останавливает движение, если значение параметра равно нулю","如果参数值为零，则暂停移动"
TR_PHONEMES,Phonemes,Фонемы,音素
TR_PHYSICS,Enable Physics,Включить физику,启用物理
TR_PHYSICS_EFFECT_X,Physics Effect X,Физический эффект X,物理效果 X
TR_PHYSICS_EFFECT_Y,Physics Effect Y,Физический эффект Y,物理效果 Y
TR_PHYSICS_STEPS,Physics Steps,Шаги физики,物理步数
TR_PHYSICS_TICK,Physics Tick,Такты физики,物理时钟
TR_PHYS_STIFFNESS_LABEL,Phys-Stiff,Жёсткость физики,物理刚度
TR_PHYS_STIFFNESS_TOOLTIP,Physics/Reaction to parent's movement stiffness,Жёсткость реакции на движение родителя,物理/对父级移动的反应刚度
TR_PLEASE_CONFIRM,Please Confirm…,"Пожалуйста, подтвердите…",请确认…
TR_PORT,Port,Порт,端口
TR_POSITION_SNAP_BUTTON,Position Snap,Привязка позиции,位置吸附
TR_POSITION_SNAP_BUTTON_TOOLTIP,Snaps the position to the last movement position,Привязывает позицию к последней точке движения,将位置吸附到上一次移动位置
TR_POSITION_TRACKING_STRENGTH,Position Tracking Strength,Сила отслеживания позиции,位置追踪强度
TR_POS_X,Position X,Позиция X,位置 X
TR_POS_Y,Position Y,Позиция Y,位置 Y
TR_PREVIEW,Preview,Предпросмотр,预览
TR_PREVIEW_MODE_TOOLTIP,Makes the model static.\nUncheck to preview movement.\nThis is automatically unchecked when changing modes.,"Делает модель статичной.\nСними флажок, чтобы посмотреть движение.\nФлажок автоматически снимается при смене режима.","使模型变为静态。\n取消勾选可预览动作。\n切换模式时此选项会自动取消勾选。"
TR_PROJECT_SAVED,Project Saved,Проект сохранён,项目已保存
TR_PROPERTIES_HIDDEN_ITEM,"If enabled, the current object is hidden outside the editor","Если включено, текущий объект скрывается вне редактора","启用后，当前对象在编辑器外部将被隐藏"
TR_PROTANOPIA,Protanopia,Протанопия,红色盲
TR_PSD_IMPORT,Import PSD,Импортировать PSD,导入 PSD
TR_PURPLE,Purple,Фиолетовый,紫色
TR_QUIT,Quit,Выйти,退出
TR_RADIAL_SPACING,Radial Spacing,Радиальное расстояние,径向间距
TR_RAINBOW,Rainbow,Радуга,彩虹
TR_RAINBOW_EFFECT,Rainbow Effect,Радужный эффект,彩虹效果
TR_RANGE_X_MAX,Range X Max,Диапазон X Макс,X 范围最大值
TR_RANGE_X_MIN,Range X Min,Диапазон X Мин,X 范围最小值
TR_RANGE_Y_MAX,Range Y Max,Диапазон Y Макс,Y 范围最大值
TR_RANGE_Y_MIN,Range Y Min,Диапазон Y Мин,Y 范围最小值
TR_REACTION,Reaction,Реакция,反应
TR_RECOLOR_LAYER,Recolor Layer,Перекрасить слой,重新着色图层
TR_RED,Red,Красный,红色
TR_REMAP,Remap,Переназначить,重映射
TR_REMAP_KEY,Remap Key,Переназначить клавишу,重映射按键
TR_REMAP_STATE_HOTKEYS,Remap State Hot Keys,Переназначить горячие клавиши состояний,重映射状态热键
TR_REMOVE_CUSTOM_COURSOR,Remove Custom Cursor,Убрать свой курсор,移除自定义光标
TR_REMOVE_CUSTOM_COURSOR_TOOLTIP,Remove the custom cursor image and use the default cursor,Удалить изображение курсора и использовать курсор по умолчанию,移除自定义光标图像并使用默认光标
TR_RESET_ANIMATION,Reset Animation,Сбросить анимацию,重置动画
TR_RESET_ANIMATION_TOOLTIP,Resets animation on changing the current State.,Сбрасывает анимацию при смене текущего состояния.,切换当前状态时重置动画。
TR_RESET_DEFORM_POINT,Reset Deform Point,Сброс точки деформации,重置变形点
TR_RESET_ON_STATE_CHANGE,Reset on State Change,Сбрасывать при смене состояния,状态切换时重置
TR_RESET_ON_STATE_CHANGE_TOOLTIP,"Resets the animation of APNG, GIF, or sprite sheet when changing states","Сбрасывает анимацию APNG, GIF или спрайт-листа при смене состояния","切换状态时重置 APNG、GIF 或精灵表的动画"
TR_RESIZE,Resize,Изменить размер,调整大小
TR_RESTORE_BRUSH,Restore Brush,Восстанавливающая кисть,恢复画笔
TR_REST_BOTH,Rest Both,Покой обоих,两者都静止
TR_REST_FOLLOW,Rest Follow Movement,Режим покоя для слежения,静止跟随移动
TR_REST_MODE,Rest Mode,Режим покоя,静止模式
TR_REST_MODE_TOOLTIP,"Rests or disables movement types. Rest means the feature stops when invisible, while disable turns it off completely.\nThis can improve performance, especially for heavier models that do not use a specific movement type.","Приостанавливает или отключает типы движения. Покой останавливает функцию, когда объект невидим, а отключение выключает её полностью.\nЭто помогает производительности, особенно у тяжёлых моделей, которым не нужен конкретный тип движения.","静止或禁用移动类型。静止意味着功能在不可见时停止，而禁用则完全关闭。\n这可以提升性能，尤其对于不使用特定移动类型的较重型模型。"
TR_REST_MOVE,Rest Movement,Режим покоя для движения,静止移动
TR_RIGHT_EYE,Right eye,Правый глаз,右眼
TR_RING_GRID,Ring Grid,Кольцевая сетка,环形网格
TR_ROLL_SIZE,Roll Size,Размер вращения,旋转大小
TR_ROLL_SPEED,Roll Speed,Скорость вращения,旋转速度
TR_ROTATE_SPRITE_IMAGE_TOOLTIP,Rotate the sprite image by 90°.\nNote: this resets appendage dimensions.,Повернуть изображение спрайта на 90°.\nПримечание: это сбрасывает размеры придатка.,将精灵图像旋转 90°。\n注意：这会重置附加部位的尺寸。
TR_ROTATION,Rotation,Поворот,旋转
TR_ROTATION_CCW_BRUSH,Rotation CCW Brush,Вращение кисти против часовой стрелки,逆时针旋转画笔
TR_ROTATION_CW_BRUSH,Rotation CW Brush,Вращение кисти по часовой стрелке,顺时针旋转画笔
TR_ROT_DEGREE,Rot-Degree,Градус поворота,旋转角度
TR_ROT_FREQUENCY,Rot-Freq,Частота поворота,旋转频率
TR_ROT_MAX_ROT,Max-Rot,Макс поворот,最大旋转
TR_ROT_MIN_ROT,Min-Rot,Мин поворот,最小旋转
TR_ROT_SNAP_BUTTON_TOOLTIP,Snaps the rotation to the last movement position,Привязывает вращение к последней точке движения,将旋转吸附到上一次移动位置
TR_ROT_SPEED,Rot-Speed,Скорость поворота,旋转速度
TR_ROT_THRESH,Rot-Threshold,Порог вращения,旋转阈值
TR_SAVE,Save,Сохранить,保存
TR_SAVE_AS,Save As…,Сохранить как…,另存为…
TR_SAVE_LIPSYNC_FILE,Save Lip Sync File,Сохранить файл синхронизации губ,保存唇形同步文件
TR_SAVE_ON_EXIT,Save on Exit,Сохранять при выходе,退出时保存
TR_SAVE_ON_EXIT_NOTE,(Helps remember toggled assets),(Помогает запомнить включённые ресурсы),（有助于记住已切换的资源）
TR_SAVE_RELOAD,Quick Save and Reload,Сохранить и перезагрузиться,快速保存并重新加载
TR_SAVE_SETTINGS,Save Settings,Сохранить настройки,保存设置
TR_SAVE_UNUSED_FILES,Save Unused Files,Сохранить неиспользуемые файлы,保存未使用的文件
TR_SAVE_WARNING,Did you make sure to save?,Ты точно сохранил(а) изменения?,你确认已保存了吗？
TR_SAVE_WARNING_FULL,"If you clicked quit without making sure your work is saved, you will lose your progress.","Если нажать «Выйти», не убедившись, что работа сохранена, прогресс будет утерян.","如果在未确认工作已保存的情况下点击退出，你将丢失进度。"
TR_SAVE_WINDOW_POSITIONS,"Save Window State (position, size, etc.)","Сохранять состояние окна (позицию, размер и т.п.)","保存窗口状态（位置、大小等）"
TR_SCALE_POS_X,Invert Scale X,Инвертировать масштаб X,反转缩放 X
TR_SCALE_POS_Y,Invert Scale Y,Инвертировать масштаб Y,反转缩放 Y
TR_SCALE_X_MAX,Scale X Max,Масштаб X Макс,X 缩放最大值
TR_SCALE_X_MIN,Scale X Min,Масштаб X Мин,X 缩放最小值
TR_SCALE_Y_MAX,Scale Y Max,Масштаб Y Макс,Y 缩放最大值
TR_SCALE_Y_MIN,Scale Y Min,Масштаб Y Мин,Y 缩放最小值
TR_SCL_SNAP_BUTTON_TOOLTIP,Snaps the scale to the last movement position,Привязывает масштаб к последней точке движения,将缩放吸附到上一次移动位置
TR_SCREAMING,Screaming (Coming Soon),Крик (скоро),尖叫（即将推出）
TR_SCREEN_CRT,Screen CRT,Эффект CRT,CRT 屏幕效果
TR_SEGMENTS_LABEL,Segments,Сегменты,分段
TR_SELECT_CUSTOM_COURSOR,Select Custom Cursor,Выбрать свой курсор,选择自定义光标
TR_SELECT_CUSTOM_COURSOR_TOOLTIP,Select a custom image for the cursor.\nThe image must be smaller than 256x256.\nImages larger than 128x128 may cause rendering issues.,Выберите собственное изображение для курсора\nРазмер изображения не должен превышать 256x256\nРазмер более 128x128 может вызвать проблемы с отображением → Выберите изображение для курсора.\nРазмер не должен превышать 256x256.\nРазмеры больше 128x128 могут вызвать проблемы с отображением.,选择自定义光标图像。\n图像尺寸必须小于 256x256。\n大于 128x128 的图像可能导致渲染问题。
TR_SETTINGS,Settings,Настройки,设置
TR_SETTINGS_POPUP_IMPORT_TRIM,Automatically crop away any empty space surrounding an image when the image is opened,Автоматически обрезать пустое пространство вокруг изображения при его открытии,打开图像时自动裁剪掉周围的空白区域
TR_SETTINGS_POPUP_OUT_OF_BOUNDS_TOOLTIP,"If a screen is selected and the cursor leaves it, mouse tracking stops","Если выбран экран и курсор выходит за его пределы, отслеживание мыши прекращается","如果选择了屏幕且光标离开该屏幕，鼠标追踪将停止"
TR_SETUP,Setup,Настройка,设置
TR_SHARED_MOVEMENT_BUTTON,Use Different Values When Mouth Is Open,Отдельные значения при открытом рте,张嘴时使用不同数值
TR_SHARED_MOVEMENT_TOOLTIP,Uses different movement values while the mouth is open.,Использует отдельные значения движения при открытом рте.,张嘴时使用不同的移动数值。
TR_SHORTCUTS_FULL,"* Mouse Controls\n- Rotation : Ctrl+MouseWheel (Up, Down)\n- Camera Zoom : MouseWheel (Up, Down)\n- Camera Drag : MouseWheel (Pressed)\n\n*Keyboard Controls \n- Moving Sprite : \n> Ctrl+W (Up)\n> Ctrl+S (Down)\n> Ctrl+A (Left)\n> Ctrl+D (Right)\n\n- Moving Offset : \n> Arrow-Up (Up)\n> Arrow-Down (Down)\n> Arrow-Left (Left)\n> Arrow-Right (Right)\n\n- Quick Save : Ctrl+S\n- Quick Deselect : Alt+D\n- Quick Window Centering : Ctrl+Kp -",* Управление мышью\n- Поворот: Ctrl + колёсико (вверх/вниз)\n- Зум камеры: колёсико (вверх/вниз)\n- Перетаскивание камеры: нажатое колёсико\n\n* Клавиатура\n- Перемещение спрайта:\n> Ctrl+W (вверх)\n> Ctrl+S (вниз)\n> Ctrl+A (влево)\n> Ctrl+D (вправо)\n\n- Смещение:\n> Стрелка вверх\n> Стрелка вниз\n> Стрелка влево\n> Стрелка вправо\n\n- Быстрое сохранение: Ctrl+S\n- Быстро снять выделение: Alt+D\n- Быстрая центровка окна: Ctrl+цифровой -,"* 鼠标控制\n- 旋转：Ctrl+鼠标滚轮（上/下）\n- 摄像机缩放：鼠标滚轮（上/下）\n- 摄像机拖动：按住鼠标滚轮\n\n* 键盘控制\n- 移动精灵：\n> Ctrl+W（上）\n> Ctrl+S（下）\n> Ctrl+A（左）\n> Ctrl+D（右）\n\n- 移动偏移：\n> 方向键上\n> 方向键下\n> 方向键左\n> 方向键右\n\n- 快速保存：Ctrl+S\n- 快速取消选择：Alt+D\n- 快速居中窗口：Ctrl+小键盘 -"
TR_SHOULD_BLINK,Should Blink,Моргать,应该眨眼
TR_SHOULD_DISAPPEAR_TOOLTIP,Keys that hide the sprite when toggled,"Клавиши, скрывающие спрайт при включении","切换时隐藏精灵的按键"
TR_SHOULD_DISSAPPEAR_LIST_TOOLTIP,List of keys that hide the selected asset.\n(Keys must match another asset's key),"Список клавиш (должны совпадать с клавишами другого ресурса), при которых выбранный ресурс исчезает.","隐藏所选资源的按键列表。\n（按键必须与其他资源的按键匹配）"
TR_SHOULD_DIS_LABEL,List of hide keys.\n(Key must match an existing asset),Список клавиш скрытия.\n(Клавиша должна соответствовать существующему ресурсу),隐藏按键列表。\n（按键必须与现有资源匹配）
TR_SHOULD_TALK,Should Talk,Говорить,应该说话
TR_SHOW_UI,Show UI,Отображать интерфейс,显示界面
TR_SHOW_WEB,Show Web,Показать веб-страницу,显示网页
TR_SINE,Sine,Синус,正弦
TR_SINE_AMP,Sine Amp,Амплитуда синусоиды,正弦振幅
TR_SINE_SPEED,Sine Speed,Скорость синусоиды,正弦速度
TR_SIZE_X,Size X,Размер X,大小 X
TR_SIZE_Y,Size Y,Размер Y,大小 Y
TR_SMOOTH_ITERATIONS,Smoothing Iterations,Итерации сглаживания,平滑迭代次数
TR_SNAP_DRAG,Drag Snap,Привязка перетаскивания,拖动吸附
TR_SNAP_OUT_OF_BOUNDS,Snap Out of Bounds,Привязка вне зоны действия,越界吸附
TR_SNAP_ROT,Snap Rotation,Привязка вращения,旋转吸附
TR_SNAP_SCL,Snap Scale,Привязка масштаба,缩放吸附
TR_SOCIALS,Socials,Соцсети,社交
TR_SOFTNESS,Softness,Мягкость,柔和度
TR_SOURCE_CODE,Source Code,Исходный код,源代码
TR_SPECTRUM,Spectrum,Спектр,频谱
TR_SPRING,Spring,Пружина,弹簧
TR_SPRITES,Sprites,Спрайты,精灵
TR_SPRITE_ID_LABEL,Sprite ID,ID спрайта,精灵 ID
TR_SPRITE_VIEW,Sprite View,Просмотр спрайтов,精灵视图
TR_SQUARE_GRID,Square Grid,Квадратная сетка,方形网格
TR_SQUISH_AMOUNT,Squish Amount,Сила сжатия,挤压强度
TR_SQUISH_ON_BLINK,Squish on Blink,Сжатие при моргании,眨眼时挤压
TR_START,Start,Старт,开始
TR_STATE_REMAP,State Remap,Переназначение состояний,状态重映射
TR_STATIC_OBJECT,Static Object,Статичный объект,静态对象
TR_STIFFNESS_LABEL,Stiffness,Жёсткость,刚度
TR_STIFFNESS_X,Stiffness X,Жёсткость X,刚度 X
TR_STIFFNESS_Y,Stiffness Y,Жёсткость Y,刚度 Y
TR_STOP,Stop,Стоп,停止
TR_STREAM,Stream,Прямая трансляция,直播
TR_STREAMER_SESSION,Stream Session,Сеанс трансляции,直播会话
TR_STREAMER_WIP,Streamer (WIP),Стример (в разработке),主播模式（开发中）
TR_STREAM_SWITCH_SESSION,Switch Session,Переключить сеанс,切换会话
TR_STRENGTH,Strength,Сила,强度
TR_STRETCH,Stretch,Растяжение,拉伸
TR_SUB_DIVISION_LABEL,Sub-Division,Подразбиение,细分
TR_SWITCH_SESSION,Which session do you want to switch to?,В какой сеанс перейти?,你想切换到哪个会话？
TR_SWITCH_SESSION_FULL,Save the model before switching modes. This opens a separate session.,Перед сменой режима сначала сохрани модель. Откроется отдельный сеанс.,切换模式前请先保存模型。这将打开一个独立的会话。
TR_SYNC_APPENDAGE,Sync Appendage,Синхронизировать придаток,同步附加部位
TR_SYNC_EFFECT,Sync Effect,Синхронизировать эффект,同步效果
TR_TAB_ANIMATION,Animation,Анимация,动画
TR_TAB_AUDIO,Audio,Аудио,音频
TR_TAB_IMPORT,Import,Импорт,导入
TR_TAB_LIGHT,Light,Свет,灯光
TR_TAB_MODEL,Model,Модель,模型
TR_TAB_MOVEMENT,Movement,Движение,移动
TR_TAB_PROPERTIES,Properties,Свойства,属性
TR_TAB_REMIX,Remix,Ремикс,混音
TR_TAB_TESTS,Tests,Тесты,测试
TR_TAB_WEBSOCKET,WebSocket,Вебсокет,WebSocket
TR_TAB_WIGGLE,Wiggle,Покачивание,摆动
TR_TARGET_MESH,Target Mesh,Целевая сетка,目标网格
TR_TARGET_STRENGTH,Target Strength,Целевая сила,目标强度
TR_TEST,Test,Тест,测试
TR_TEXT,Text,Текст,文本
TR_TEXTURE_MODE_LABEL,Texture Mode,Режим текстуры,纹理模式
TR_THREADS_TOOLTIP,Use multithreading for actions like saving and loading,Использовать многопоточность для сохранения и загрузки,使用多线程进行保存和加载等操作
TR_TILE,Tile,Плитка,平铺
TR_TINT,Tint,Оттенок,色调
TR_TOGGLE_BORDERS,Toggle Borders,Переключить границы,切换边框
TR_TOOLTIP_ADD_APPENDAGE,Add Appendage,Добавить придаток,添加附加部位
TR_TOOLTIP_ADD_FOLDER,Add Folder,Добавить папку,添加文件夹
TR_TOOLTIP_ADD_IMAGE,Add Image,Добавить изображение,添加图像
TR_TOOLTIP_ADD_NORMAL_MAP,Add Normal Map,Добавить карту нормалей,添加法线贴图
TR_TOOLTIP_ADD_SPRITE,Add Sprite,Добавить спрайт,添加精灵
TR_TOOLTIP_AUTO_ROTATION,Auto-rotates the sprite. Speed can be changed with Rot-Speed,Автоматически вращает спрайт. Скорость задаётся параметром скорости вращения,自动旋转精灵。速度可通过旋转速度调整
TR_TOOLTIP_DELETE_IMAGE,Delete Image,Удалить изображение,删除图像
TR_TOOLTIP_DELETE_NORMAL_MAP,Delete Normal Map,Удалить карту нормалей,删除法线贴图
TR_TOOLTIP_DELETE_SPRITE,Delete Sprite,Удалить спрайт,删除精灵
TR_TOOLTIP_DUBLICATE,Duplicate,Дублировать,复制
TR_TOOLTIP_DUPLICATE_SPRITE,Duplicate Sprite,Дублировать спрайт,复制精灵
TR_TOOLTIP_MINI_VIEW_ZOOM_RESET,Mini View Zoom Reset,Сброс масштаба мини-вида,迷你视图缩放重置
TR_TOOLTIP_REPLACE_IMAGE,Replace Image,Заменить изображение,替换图像
TR_TOOLTIP_REPLACE_SPRITE,Replace Sprite,Заменить спрайт,替换精灵
TR_TRACKING_BACKEND,Tracking Backend,Система отслеживания,追踪后端
TR_TRACKING_BACKEND_DEFAULT,Default,По умолчанию,默认
TR_TRACKING_BACKEND_UIOHOOK,UIOHook,UIOHook,UIOHook
TR_TRACKING_BACKEND_WINDOWS,Windows,Windows,Windows
TR_TRACKING_BACKEND_X11,x11,x11,x11
TR_TRACK_DEV_MODE,Developer Mode,Режим разработчика,开发者模式
TR_TRACK_USING_GLOBAL_INPUT,Use Global Input for Tracking,Использовать глобальный ввод,使用全局输入进行追踪
TR_TRACK_USING_GLOBAL_INPUT_TOOLTIP,Enables using the Global Input module to be used for mouse following instead of Godot's Built-in mouse tracking (Debug),Позволяет использовать модуль глобального ввода для отслеживания мыши вместо встроенного отслеживания мыши Godot (отладка),允许使用全局输入模块进行鼠标跟随，替代 Godot 内置的鼠标追踪（调试）
TR_TRANSPARENT,Transparent,Прозрачный,透明
TR_TRIM_DIALOG_TEXT,Would you like to have your Sprites Trimmed?\n(Removes all unused area around your image),Хотите обрезать спрайты?\n(Удаляет все неиспользуемые области вокруг вашего изображения),是否要裁剪精灵？\n（移除图像周围所有未使用的区域）
TR_TRIM_IMPORT,Trim Import,Обрезать при импорте,导入时裁剪
TR_TRITANOPIA,Tritanopia,Тританопия,蓝色盲
TR_TRI_GRID,Tri Grid,Треугольная сетка,三角网格
TR_UDP,UDP,,UDP
TR_UDP_ITEM_CHEEK_RAISE_LEFT,Cheek Raise Left,Поднятие левой щеки,左脸颊抬起
TR_UDP_ITEM_CHEEK_RAISE_RIGHT,Cheek Raise Right,Поднятие правой щеки,右脸颊抬起
TR_UDP_ITEM_EYEBROW_LEFT,Eyebrow Left,Левая бровь,左眉毛
TR_UDP_ITEM_EYEBROW_RIGHT,Eyebrow Right,Правая бровь,右眉毛
TR_UDP_ITEM_EYE_SMILE_LEFT,Left Eye Smile,Прищур левого глаза,左眼眯笑
TR_UDP_ITEM_EYE_SMILE_RIGHT,Right Eye Smile,Прищур правого глаза,右眼眯笑
TR_UDP_ITEM_HEAD,Head,Голова,头部
TR_UDP_ITEM_NONE,None,Отсутствует,无
TR_UDP_ITEM_PUPIL_LEFT,Pupil Left,Левый зрачок,左瞳孔
TR_UDP_ITEM_PUPIL_RIGHT,Pupil Right,Правый зрачок,右瞳孔
TR_UDP_POSITION,UDP Position,Позиция UDP,UDP 位置
TR_UDP_ROTATION,UDP Rotation,Вращение UDP,UDP 旋转
TR_UDP_SCALE,UDP Scale,Масштаб UDP,UDP 缩放
TR_UI_SCALE_LABEL,UI Scale,Масштаб интерфейса,界面缩放
TR_UNLINK_BUTTON_TOOLTIP,Unlinks a child Object from Parent Object,Открепляет дочерний объект от родительского,解除子对象与父对象的链接
TR_UPDATE_MIC_LIST,Update Mic List,Обновить список микрофонов,更新麦克风列表
TR_USE_DELTA_TIME,Use DeltaTime,Использовать DeltaTime,使用 DeltaTime
TR_USE_DELTA_TIME_TOOLTIP,"The movement Ticks uses (Tick + 1 every frame),\nwhich could lead to very strong movements even with low\nmovement values.\nUsing DeltaTime makes it slower ( Tick + 0.016 every frame)\nand more forgiving to use higher values.\nThis needs to be set for every model to prevent sharing issues.","Счётчик движения увеличивается на 1 каждый кадр,\nчто может давать слишком сильное движение даже при малых значениях.\nDeltaTime делает шаг ≈0.016 за кадр и позволяет использовать большие значения.\nЭто нужно указывать для каждой модели, чтобы не было проблем при обмене.","移动时钟每帧递增 1，\n即使移动值较低也可能导致动作过强。\n使用 DeltaTime 会使其变慢（每帧约递增 0.016），\n可以更宽容地使用较高的数值。\n需要为每个模型单独设置以避免共享问题。"
TR_USE_OBJECT_POSITION,Use Object Position,Использовать положение объекта,使用对象位置
TR_USE_THREADS,Use Threads,Использовать потоки,使用线程
TR_VISIBILITY,Visibility,Видимость,可见性
TR_VISIBLE,Visible,Видимый,可见
TR_VOLUME,Volume,Громкость,音量
TR_VOLUME_SENSITIVITY,Volume Sensitivity,Чувствительность громкости,音量灵敏度
TR_WAG_FREQ_LABEL,Wag Freq,Частота покачивания,摆动频率
TR_WAG_SPEED_SLIDER,Wag Speed,Скорость покачивания,摆动速度
TR_WARNING_IF_KNOW,DON'T USE UNLESS YOU KNOW WHAT YOU ARE DOING,"ИСПОЛЬЗУЙТЕ ТОЛЬКО ЕСЛИ ВЫ ЗНАЕТЕ, ЧТО ДЕЛАЕТЕ","除非你知道自己在做什么，否则不要使用"
TR_WASD,WASD,WASD,WASD
TR_WASD_AD,WASD (A/D),WASD (A/D),WASD (A/D)
TR_WASD_WS,WASD (W/S),WASD (W/S),WASD (W/S)
TR_WEBSOCKET_DOC,WebSocket Docs,Документация WebSocket,WebSocket 文档
TR_WELCOME,Welcome!,Добро пожаловать!,欢迎！
TR_WHAT_IS_PNG_TUBING_FULL,"PNGTubing is a form of Vtubing. However, unlike Vtubing, it is much simpler and less costly. This is why it gained popularity in recent years. There are some different types of PNGTubing, this includes Static (like the model shown), Toon and Rigged. In this software -PNGTube-Remix, you can create both Static and Rigged! Even mix them up if needed. Hope you have fun!","PNGTubing — разновидность Vtubing, но гораздо проще и дешевле, поэтому он стал так популярен в последние годы. Есть разные виды PNGTubing: статичный (как показано), мультяшный и «риггед». В PNGTube-Remix можно делать и статичные, и риггед‑модели, а при желании смешивать подходы. Удачи и приятного творчества!","PNGTubing 是 Vtubing 的一种形式。但与 Vtubing 不同的是，它更简单、成本更低，这也是它近年来广受欢迎的原因。PNGTubing 有几种不同类型，包括静态（如展示的模型）、卡通和骨骼绑定。在 PNGTube-Remix 中，你可以同时创建静态和骨骼绑定模型！甚至可以根据需要混合使用。祝你玩得开心！"
TR_WHITE,White,Светлый,白色
TR_WIDTH,Width,Ширина,宽度
TR_WIGGLE_APPENDAGE,Wiggle Appendage,Покачивание придатка,摆动附加部位
TR_WIGGLE_PHYSICS,Wiggle Physics,Физика покачивания,摆动物理
TR_WIGGLE_SPRITE,Wiggle Sprite,Покачивание спрайта,摆动精灵
TR_WIGGLE_STRETCH_TO_ANCHOR,Keeps its length when linked to an anchor,Сохраняет свою длину при привязке к якорю,链接到锚点时保持长度
TR_WINDOW,Window,Окно,窗口
TR_WINDOW_DEFAULT,Reset Window To Default,Сбросить настройки окна,重置窗口为默认值
TR_WINDOW_SIZE,Window Size,Размер окна,窗口大小
TR_WOBBLE_FREQ_TOOLTIP,Affects wobble and squish,Влияет на покачивание и сжатие,影响摇晃和挤压
TR_WS_SYNC_EFFECT_TOOLTIP,Syncs the wiggle effect of the Sprite with the Parent's Wiggle effect (Both must be Sprite Objects),Синхронизирует эффект покачивания спрайта с родительским (оба должны быть спрайтами),将精灵的摆动效果与父级的摆动效果同步（两者都必须是精灵对象）
TR_WS_WIGGLE_AMP,Wiggle-Amp,Амплитуда покачивания,摆动振幅
TR_WS_WIGGLE_FREQUENCY,Wiggle-Freq,Частота покачивания,摆动频率
TR_XY_MOVEMENTS,X-Y Movements,Движения по X-Y,X-Y 移动
TR_XY_MOVEMENTS_X_AMP,X-Amp,Амплитуда X,X 振幅
TR_XY_MOVEMENTS_X_FREQUENCY,X-Freq,Частота X,X 频率
TR_XY_MOVEMENTS_Y_AMP,Y-Amp,Амплитуда Y,Y 振幅
TR_XY_MOVEMENTS_Y_FREQUENCY,Y-Freq,Частота Y,Y 频率
TR_X_AMPLITUDE_WOBBLE,X-Amplitude Wobble {value},Амплитуда колебаний по X {value},X 摇晃振幅 {value}
TR_X_FREQUENCY_WOBBLE,X-Frequency Wobble {value},Частота колебаний по X {value},X 摇晃频率 {value}
TR_X_FREQUENCY_WOBBLE_TOOLTIP,Affects the Wobbling,Влияет на покачивание,影响摇晃效果
TR_X_OFFSET,X-Offset,Смещение X,X 偏移
TR_YES,Yes,Да,是
TR_Y_AMPLITUDE_WOBBLE,Y-Amplitude Wobble {value},Амплитуда колебаний по Y {value},Y 摇晃振幅 {value}
TR_Y_FREQUENCY_WOBBLE,Y-Frequency Wobble {value},Частота колебаний по Y {value},Y 摇晃频率 {value}
TR_Y_OFFSET,Y-Offset,Смещение Y,Y 偏移
TR_Z_ORDER,Z Order,Порядок по Z,Z 顺序
Wiggle,Wiggle,Покачивание,摆动
Window,Window,Окно,窗口
EXPORT_SPRITES,Export Sprite(s),Экспортировать спрайты,导出精灵
TR_PHYS_EFF,Physics Effect,Physics Effect,物理效果
TR_DISTANCE,Distance,Расстояние,距离
TR_DEGREE,Degree,Градус,角度
TR_THROW_FORCE,Throw Force,Сила броска,投掷力度